outcome,climate_var,lag,coef,ci_low,ci_high,pval,aic,n,cv_std,pval_fdr,significant
code_06_breathing,pm25,1,0.014938298848977398,-0.10262881927516337,0.13250541697311818,0.8033323890205827,4290.62723494418,364,6.807719563240271,0.9986277772383971,False
code_06_breathing,pm10,1,0.014764073922026139,-0.09784667403631965,0.1273748218803719,0.7972055705292048,4290.623248941871,364,7.50550194533776,0.9986277772383971,False
code_06_breathing,no2,3,0.01979637827557648,-0.12897016550453433,0.1685629220556873,0.794237030539875,4266.406213644318,362,5.015050146320838,0.9986277772383971,False
code_06_breathing,o3,3,0.00014441503007395912,-0.16443507587004602,0.16472390593019393,0.9986277772383971,4266.475703408434,362,19.97270054418291,0.9986277772383971,False
code_06_breathing,so2,1,0.018801626485108136,-0.1005413035149295,0.1381445564851458,0.7574901534420203,4290.590833662521,364,1.037835984656658,0.9986277772383971,False
code_31_loss_of_consciousness,pm25,0,0.014903461040041036,-0.1024844845621719,0.13229140664225397,0.803488301431281,4350.096350604754,365,6.799861062318877,0.9986277772383971,False
code_31_loss_of_consciousness,pm10,0,0.01858000221312185,-0.09380039690224888,0.13096040132849257,0.7459051193766248,4350.053456074203,365,7.497671544943006,0.9986277772383971,False
code_31_loss_of_consciousness,no2,0,0.026506745281497057,-0.12282206915673753,0.17583555971973164,0.7279114048297626,4350.036349485043,365,4.997187539864492,0.9986277772383971,False
code_31_loss_of_consciousness,o3,0,0.030820085197537806,-0.1298706906298039,0.19151086102487952,0.7069792373990518,4350.011964114832,365,19.895244604658263,0.9986277772383971,False
code_31_loss_of_consciousness,so2,0,0.015945270592911672,-0.10296030630132773,0.13485084748715107,0.7926802936100519,4350.0887338767425,365,1.0374242464884071,0.9986277772383971,False
code_17_falls,pm25,0,-0.0027116850687027845,-0.11999749717491379,0.11457412703750822,0.9638562416670745,4583.556931342149,365,6.799861062318877,0.9986277772383971,False
code_17_falls,pm10,0,-0.0014521286726972805,-0.11373778879477288,0.11083353144937831,0.9797780768924156,4583.558310473967,365,7.497671544943006,0.9986277772383971,False
code_17_falls,no2,0,0.00543158424627044,-0.14375086943577473,0.1546140379283156,0.9431109791489487,4583.55383713822,365,4.997187539864492,0.9986277772383971,False
code_17_falls,o3,3,0.02590438713848458,-0.13847875791813763,0.1902875321951068,0.7574266942887613,4545.772987163091,362,19.97270054418291,0.9986277772383971,False
code_17_falls,so2,0,0.0002896140883143753,-0.11850853772984525,0.119087765906474,0.9961876172124514,4583.558914158861,365,1.0374242464884071,0.9986277772383971,False
code_09_cardiac_arrest,pm25,3,0.0004950841480221221,-0.12160837564096241,0.12259854393700667,0.9936593375692002,2620.8450081893643,362,6.817007806330225,0.9986277772383971,False
code_09_cardiac_arrest,pm10,3,0.00015530106456812694,-0.11663444997437195,0.1169450521035082,0.9979205074875375,2620.8450645966554,362,7.514977112319724,0.9986277772383971,False
code_09_cardiac_arrest,no2,3,0.03323533508084869,-0.1200889141007413,0.18655958426243868,0.6709448251560648,2620.6528207818533,362,5.015050146320838,0.9986277772383971,False
code_09_cardiac_arrest,o3,3,0.00876712450556446,-0.16139237514913976,0.1789266241602687,0.9195638081477583,2620.8344759043757,362,19.97270054418291,0.9986277772383971,False
code_09_cardiac_arrest,so2,3,-0.0016806440749052437,-0.1257777449132421,0.1224164567634316,0.9788236420423997,2620.844374787017,362,1.0385142798119393,0.9986277772383971,False
code_10_chest_pain,pm25,0,0.01155345462746146,-0.1060749989438934,0.1291819081988163,0.8473447239910251,4010.875420022144,365,6.799861062318877,0.9986277772383971,False
code_10_chest_pain,pm10,0,0.007196860439656417,-0.10542501529110118,0.11981873617041403,0.9003277621556902,4010.8965856756286,365,7.497671544943006,0.9986277772383971,False
code_10_chest_pain,no2,0,0.015405905696811651,-0.13420883510930975,0.16502064650293308,0.8400586299970085,4010.8719954844573,365,4.997187539864492,0.9986277772383971,False
code_10_chest_pain,o3,0,-0.03134210761406431,-0.1923746136590722,0.1296903984309436,0.7028529981025763,4010.7680790039017,365,19.895244604658263,0.9986277772383971,False
code_10_chest_pain,so2,2,0.00200693193284876,-0.11797094907908269,0.12198481294478021,0.9738457776455209,3989.2653897666255,363,1.0380366634942482,0.9986277772383971,False
code_19_heart_problems,pm25,2,-0.012400502233470709,-0.13117746692213225,0.10637646245519083,0.8378664281671144,3797.195801095626,363,6.808651690704121,0.9986277772383971,False
code_19_heart_problems,pm10,1,-0.025051011559912587,-0.13813116893913285,0.0880291458193077,0.6641452929224065,3807.8582827759183,364,7.50550194533776,0.9986277772383971,False
code_19_heart_problems,no2,3,-0.013548986542948761,-0.16287702711669846,0.13577905403080096,0.8588537503616427,3786.4197160593535,362,5.015050146320838,0.9986277772383971,False
code_19_heart_problems,o3,3,-0.01731692076687138,-0.18248629439171574,0.14785245285797297,0.8371898473573538,3786.409494439006,362,19.97270054418291,0.9986277772383971,False
code_19_heart_problems,so2,3,-0.01605604105632834,-0.13681252315848993,0.10470044104583325,0.7944002043030302,3786.38393614291,362,1.0385142798119393,0.9986277772383971,False
code_28_stroke_tia,pm25,3,-0.003533300617193664,-0.12293848920655547,0.11587188797216814,0.9537510232718368,3470.5443764693596,362,6.817007806330225,0.9986277772383971,False
code_28_stroke_tia,pm10,3,-0.00408686972969928,-0.11824822916024322,0.11007448970084466,0.9440624313267738,3470.5428049281695,362,7.514977112319724,0.9986277772383971,False
code_28_stroke_tia,no2,3,0.01149716292743514,-0.13844665325833605,0.16144097911320632,0.8805412461300822,3470.5248879399396,362,5.015050146320838,0.9986277772383971,False
code_28_stroke_tia,o3,3,-0.0037823860713268632,-0.16963693035610794,0.16207215821345422,0.9643481525657521,3470.545656801868,362,19.97270054418291,0.9986277772383971,False
code_28_stroke_tia,so2,1,-0.025750687807068035,-0.14610779724074643,0.09460642162661036,0.6749684540105287,3489.1963499511844,364,1.037835984656658,0.9986277772383971,False
code_12_seizure,pm25,3,0.013414488973562125,-0.10653875983260079,0.13336773777972505,0.8265061837047772,3205.390807873997,362,6.817007806330225,0.9986277772383971,False
code_12_seizure,pm10,3,0.013720628520961758,-0.10095990796348431,0.12840116500540782,0.8146012197513013,3205.3840056951035,362,7.514977112319724,0.9986277772383971,False
code_12_seizure,no2,0,0.019850126804013202,-0.1313845689734423,0.17108482258146873,0.7969837048220454,3231.2345886352514,365,4.997187539864492,0.9986277772383971,False
code_12_seizure,o3,1,-0.0403163637223823,-0.2039062735227859,0.12327354607802131,0.6290753607724857,3222.4113954737513,364,19.922243045945343,0.9986277772383971,False
code_12_seizure,so2,0,-0.0006639828772461474,-0.12113108216620293,0.11980311641171064,0.9913807766982685,3231.2980456575788,365,1.0374242464884071,0.9986277772383971,False
code_20_heat_cold_exposure,pm25,0,0.2052818743050815,0.0676593427952786,0.34290440581488435,0.0034607491265485762,1287.5402338699753,365,6.799861062318877,0.0648890461227858,False
code_20_heat_cold_exposure,pm10,0,0.21732337794907808,0.0853259576367997,0.3493207982613564,0.0012512753043789346,1285.918800663001,365,7.497671544943006,0.031281882609473365,True
code_20_heat_cold_exposure,no2,0,0.3104072357118905,0.12934188524286336,0.4914725861809176,0.0007793090437948813,1283.2576326554572,365,4.997187539864492,0.029224089142308046,True
code_20_heat_cold_exposure,o3,3,0.010464097985091788,-0.197232544819913,0.2181607407900966,0.9213397821589383,1286.0526744850094,362,19.97270054418291,0.9986277772383971,False
code_20_heat_cold_exposure,so2,0,0.37895385447587304,0.23913921613479008,0.518768492816956,1.0825613864127647e-07,1268.426982632675,365,1.0374242464884071,8.119210398095735e-06,True
code_02_allergy_insect,pm25,3,0.04584752140518918,-0.07847467534940034,0.17016971815977872,0.4698056986305712,2517.562635069208,362,6.817007806330225,0.9986277772383971,False
code_02_allergy_insect,pm10,3,0.043285104432254105,-0.07543137215645118,0.16200158102095938,0.4748434807813845,2517.570308925925,362,7.514977112319724,0.9986277772383971,False
code_02_allergy_insect,no2,3,0.06923961035615243,-0.08714149089275038,0.22562071160505526,0.38550515024682164,2517.3607325046382,362,5.015050146320838,0.9986277772383971,False
code_02_allergy_insect,o3,3,-0.0512770468510835,-0.22289767206281386,0.12034357836064685,0.5581438512212189,2517.735303449388,362,19.97270054418291,0.9986277772383971,False
code_02_allergy_insect,so2,3,0.009253592255005341,-0.11713866880398698,0.13564585331399764,0.8858989471111824,2518.0698472321315,362,1.0385142798119393,0.9986277772383971,False
code_13_blood_sugar,pm25,1,0.012196849570210319,-0.11074428270757276,0.13513798184799342,0.8458268369526701,2413.07324484292,364,6.807719563240271,0.9986277772383971,False
code_13_blood_sugar,pm10,1,0.008638007906641453,-0.10916492883082718,0.1264409446441101,0.885724618618887,2413.0895681504567,364,7.50550194533776,0.9986277772383971,False
code_13_blood_sugar,no2,1,0.014215480585749903,-0.13977308200001645,0.16820404317151624,0.8564190580176346,2413.077047012125,364,5.004050188200986,0.9986277772383971,False
code_13_blood_sugar,o3,3,0.030234032323444387,-0.14225526446886513,0.2027233291157539,0.7311894569769957,2398.76627081841,362,19.97270054418291,0.9986277772383971,False
code_13_blood_sugar,so2,1,0.01404780933700343,-0.1107988848139655,0.13889450348797236,0.8254536772485886,2413.0623024870347,364,1.037835984656658,0.9986277772383971,False
code_18_headache,pm25,3,-0.011943744106978516,-0.13549731623374314,0.11160982801978611,0.8497269205947497,2505.6399450823837,362,6.817007806330225,0.9986277772383971,False
code_18_headache,pm10,3,-0.01214542879197435,-0.13027759979378714,0.10598674220983845,0.8403012059014299,2505.6353872293175,362,7.514977112319724,0.9986277772383971,False
code_18_headache,no2,3,0.006667264610398873,-0.14825009690767663,0.16158462612847438,0.9327765222749186,2505.6678630598262,362,5.015050146320838,0.9986277772383971,False
code_18_headache,o3,3,-0.02397027884389763,-0.1952818972871301,0.14734133959933485,0.783898463499278,2505.600278694756,362,19.97270054418291,0.9986277772383971,False
code_18_headache,so2,3,-0.004248996015988011,-0.12962133135012716,0.12112333931815113,0.9470393286807098,2505.6703559321413,362,1.0385142798119393,0.9986277772383971,False
mission_count_ems,pm25,0,0.0034270374903636433,-0.11359673563647332,0.12045081061720062,0.9542285677958542,6023.396972362529,365,6.799861062318877,0.9986277772383971,False
mission_count_ems,pm10,0,0.004850045168877399,-0.10718447118325239,0.11688456152100718,0.93238216725356,6023.393094003139,365,7.497671544943006,0.9986277772383971,False
mission_count_ems,no2,0,0.01020664483432246,-0.13864836819231963,0.15906165786096454,0.8930940236647151,6023.382271904124,365,4.997187539864492,0.9986277772383971,False
mission_count_ems,o3,0,0.011972745505198768,-0.1482007746414889,0.17214626565188645,0.8835230958540171,6023.378669570713,365,19.895244604658263,0.9986277772383971,False
mission_count_ems,so2,0,0.00031986456228519713,-0.11821108877369242,0.11885081789826281,0.9957799220052341,6023.400208224928,365,1.0374242464884071,0.9986277772383971,False
mission_count_ems_critical,pm25,0,0.03771060717719002,-0.07932394522043415,0.1547451595748142,0.5276906832889667,5696.733457212906,365,6.799861062318877,0.9986277772383971,False
mission_count_ems_critical,pm10,0,0.03758928125498554,-0.07445649515363656,0.14963505766360766,0.5108391658903984,5696.697782605814,365,7.497671544943006,0.9986277772383971,False
mission_count_ems_critical,no2,0,0.042463387968648104,-0.1064107208280329,0.1913374967653291,0.5761338288351503,5696.824422280413,365,4.997187539864492,0.9986277772383971,False
mission_count_ems_critical,o3,0,0.016566244004805625,-0.14364011853064457,0.17677260654025584,0.8393919088573865,5697.091190985866,365,19.895244604658263,0.9986277772383971,False
mission_count_ems_critical,so2,0,0.033463626593282295,-0.08508059404991923,0.1520078472364838,0.5800754103518388,5696.82307565514,365,1.0374242464884071,0.9986277772383971,False
mission_count_ems_critical_cpr,pm25,0,0.007681291036419728,-0.11321305143088084,0.12857563350372028,0.9008951161361982,2627.393916796117,365,6.799861062318877,0.9986277772383971,False
mission_count_ems_critical_cpr,pm10,0,0.010249665657464954,-0.10553995675055489,0.12603928806548478,0.8622619843592102,2627.3783391209786,365,7.497671544943006,0.9986277772383971,False
mission_count_ems_critical_cpr,no2,0,-0.018288836993663384,-0.17222399422975332,0.13564632024242657,0.815869509051411,2627.3555603600184,365,4.997187539864492,0.9986277772383971,False
mission_count_ems_critical_cpr,o3,0,0.032806778845044425,-0.13348267424057828,0.19909623193066714,0.698996244328605,2627.254893539878,365,19.895244604658263,0.9986277772383971,False
mission_count_ems_critical_cpr,so2,0,-0.005548304835812791,-0.12818442903783994,0.11708781936621435,0.9293420202003893,2627.4019208472864,365,1.0374242464884071,0.9986277772383971,False
